,iteration,rmses,cdes
0,0.0,7.40514779132481,-0.05553593911151489
1,1.0,7.797200181177289,-0.170261539283886
2,2.0,8.505544780676576,-0.3925469120689531
