,iteration,rmses,cdes
0,0.0,6.914534411061275,-0.4651569841451002
